asin,title,hook,posted
B01LYNW421,Bed Pillows for Sleeping 2 Pack,Soft and supportive for a better night's sleep,2026-10-08
B0BNNVT2VH,LYSOL Disinfecting Wipes Lemon,Keep surfaces fresh and clean around the house,2026-10-08
B0GQD69YBC,Bloom Nutrition Energy Shirley Temple,A fun fruity flavor to power your day,2026-10-09
B09RTVD1GF,Energizer Alkaline Batteries,Long-lasting power for everyday devices,
B0GTWSWXKH,TOSHIBA Smart TV with Remote,Stream your favorite shows without extra equipment,
B0GVTPKJVT,Amazon Tablet,Bright screen and fast performance for relaxing and streaming,
B0F2K76NVS,HEYDUDE Canvas Loafers,Comfortable and lightweight for all-day wear,
B0H3L7C7LT,Zeagoo Women's Loose Fit Blouse,A loose and comfortable top that works for everyday wear,
B0CC98RMFT,Fall Scented Candle Set Pumpkin,Cozy autumn scents to warm up your home,
B0H6VRMWX2,Fall Decorations Handmade Felt Garland,A cute handmade touch for your fall decor,
B0BYNFMDDJ,EverFoams Lightweight Slippers,Soft and cozy for around the house or a quick trip outside,
B0H3JZTFMP,Dokotoo Oversized Striped Long Sleeve Shirt,A relaxed striped top for easy fall layering,
B0B28XB5PQ,Battery Operated Flickering Flameless Candles,Cozy candlelight for fall and Halloween with no flame,
